;Completed;Not Completed;variation
0;67.99821965060643;32.00178034939357;test
0;64.60936835841197;35.39063164158803;control
