Variation,Completion_Rate,Overall_Completion_Rate
Test,59.50849261813301,14.464499654080445
Control,40.49150738186699,12.201550820037934
