step_1_to_step_2,step_2_to_step_3,step_3_to_confirm
114.60756656490318,113.56036336507658,130.22631157846612
125.0984569694622,119.6616192830655,100.66884429926894
